verb	frequency	file	old_value	new_value	reason	confidence	needs_native_review
dire	6 (top-20)	verb_core_patterns.json	pattern=dire à qqn / qqch | meaning=tell someone | type=a-object | notes=Usage-backed: dire + à + person	pattern=dire à qqn | meaning=tell someone | type=a-object | notes=Usage-backed: dire + à + person	Narrowed over-broad qqn/qqch complement to the attested natural slot.	high	false
demander	23 (top-50)	verb_core_patterns.json	pattern=demander à qqn / qqch | meaning=ask someone | type=a-object | notes=Usage-backed: demander + à + person	pattern=demander à qqn | meaning=ask someone | type=a-object | notes=Usage-backed: demander + à + person	Narrowed over-broad qqn/qqch complement to the attested natural slot.	high	false
attendre	26 (top-50)	verb_core_patterns.json	pattern=attendre de qqn / qqch | meaning=expect from | type=de-object | notes=LEFFF example: il attend trop de moi	pattern=attendre qqch de qqn | meaning=expect something from someone | type=combo-de | notes=LEFFF example: il attend trop de moi	Narrowed over-broad qqn/qqch complement to the attested natural slot.	high	false
sembler	29 (top-50)	verb_core_patterns.json	pattern=sembler à qqn / qqch | meaning=seem to someone | type=a-object | notes=Usage-backed: sembler + à + person	pattern=sembler à qqn | meaning=seem to someone | type=a-object | notes=Usage-backed: sembler + à + person	Narrowed over-broad qqn/qqch complement to the attested natural slot.	high	false
vivre	30 (top-50)	verb_core_patterns.json	pattern=vivre de qqn / qqch | meaning=live on; live off | type=de-object | notes=LEFFF example: il parvient encore à vivre de sa pension	pattern=vivre de + ressources/revenus | meaning=live on; live off | type=de-object | notes=LEFFF example: il parvient encore à vivre de sa pension	Narrowed over-broad qqn/qqch complement to the attested natural slot.	high	false
sortir	33 (top-50)	verb_core_patterns.json	pattern=sortir de qqn / qqch | meaning=come out of; get out of | type=de-object | notes=LEFFF example: le dicovalence est sorti de nos recherches syntaxiques		Removed over-broad LEFFF-derived source pattern that implied sortir de someone/something generically.	high	false
cacher	48 (top-50)	verb_core_patterns.json	pattern=cacher à qqn / qqch | meaning=hide from someone | type=a-object | notes=Usage-backed: cacher + à + person	pattern=cacher à qqn | meaning=hide from someone | type=a-object | notes=Usage-backed: cacher + à + person	Narrowed over-broad qqn/qqch complement to the attested natural slot.	high	false
servir	50 (top-50)	verb_core_patterns.json	pattern=servir de qqn / qqch | meaning=act as | type=de-object | notes=Usage-backed: servir + de + noun	pattern=servir de + nom/rôle | meaning=act as | type=de-object | notes=Usage-backed: servir + de + noun	Narrowed over-broad qqn/qqch complement to the attested natural slot.	high	false
servir	50 (top-50)	verb_core_patterns.json	pattern=servir à qqn / qqch | meaning=be useful for; serve to | type=a-object | notes=LEFFF example: apparemment ça n'a servi à rien	pattern=servir à + usage/personne | meaning=be useful for; serve to | type=a-object | notes=LEFFF example: apparemment ça n'a servi à rien	Narrowed over-broad qqn/qqch complement to the attested natural slot.	high	false
acheter	60 (top-100)	verb_core_patterns.json	pattern=acheter à qqn / qqch | meaning=buy from someone | type=a-object | notes=Usage-backed: acheter + à + person	pattern=acheter à qqn | meaning=buy from someone | type=a-object | notes=Usage-backed: acheter + à + person	Narrowed over-broad qqn/qqch complement to the attested natural slot.	high	false
lever	63 (top-100)	verb_usages.json	pattern=lever + direct object (+ pour + infinitive) | meaning=lift something; lift something in order to do something | fr=Elle lève la chaise pour nettoyer en dessous. | en=She lifts the chair to clean underneath.	pattern=lever + qqch (+ pour + infinitif) | meaning=lift something; lift something in order to do something | fr=Elle lève la chaise pour nettoyer en dessous. | en=She lifts the chair to clean underneath.	Replaced mixed English placeholder with learner-facing French complement label.	high	false
changer	69 (top-100)	verb_core_patterns.json	pattern=changer de qqn / qqch | meaning=change; switch from | type=de-object | notes=LEFFF example: cette excursion la change de son train-train quotidien	pattern=changer qqn de + routine/situation | meaning=give someone a change from | type=combo-de | notes=LEFFF example: cette excursion la change de son train-train quotidien	Narrowed over-broad qqn/qqch complement to the attested natural slot.	high	false
garder	76 (top-100)	verb_core_patterns.json	pattern=garder de qqn / qqch | meaning=protect from; keep from | type=de-object | notes=LEFFF example: ce parapluie me gardera de la drache nationale belge	pattern=garder qqn/qqch de + danger | meaning=protect from; keep from | type=combo-de | notes=LEFFF example: ce parapluie me gardera de la drache nationale belge	Narrowed over-broad qqn/qqch complement to the attested natural slot.	high	false
enlever	91 (top-100)	verb_core_patterns.json	pattern=enlever à qqn / qqch | meaning=take from someone | type=a-object | notes=Usage-backed: enlever + à + person	pattern=enlever à qqn | meaning=take from someone | type=a-object | notes=Usage-backed: enlever + à + person	Narrowed over-broad qqn/qqch complement to the attested natural slot.	high	false
manquer	100 (top-500)	verb_core_patterns.json	pattern=manquer à qqn / qqch | meaning=be missed by; fail | type=a-object | notes=LEFFF example: un honnête homme ne peut manquer à ses obligations	pattern=manquer à qqn | meaning=be missed by someone | type=a-object | notes=Core learner sense; contrast with manquer à + devoir/obligation	Narrowed over-broad qqn/qqch complement to the attested natural slot.	high	false
manquer	100 (top-500)	verb_core_patterns.json		pattern=manquer à + devoir/obligation | meaning=fail in; fall short of | type=a-object | notes=LEFFF example: un honnête homme ne peut manquer à ses obligations	Split broad core pattern into a separate learner-facing sense.	high	false
payer	107 (top-500)	verb_core_patterns.json	pattern=payer de qqn / qqch | meaning=pay with; pay by losing | type=de-object | notes=LEFFF example: il a payé de sa vie	pattern=payer de + prix/perte | meaning=pay with; pay by losing | type=de-object | notes=LEFFF example: il a payé de sa vie	Narrowed over-broad qqn/qqch complement to the attested natural slot.	high	false
parvenir	109 (top-500)	verb_core_patterns.json	pattern=parvenir à qqn / qqch | meaning=reach someone | type=a-object | notes=LEFFF example: Hitler n'est pas parvenu a réaliser son Europe germanique à lui	pattern=parvenir à + infinitif/objectif | meaning=manage to; succeed in reaching | type=a-infinitive | notes=LEFFF example: Hitler n'est pas parvenu à réaliser son Europe germanique à lui	Narrowed over-broad qqn/qqch complement to the attested natural slot.	high	false
disposer	111 (top-500)	verb_core_patterns.json	pattern=disposer de qqn / qqch | meaning=have at one's disposal; have | type=de-object | notes=LEFFF example: il dispose de l'argent de son vieil oncle	pattern=disposer de + ressource/moyen | meaning=have at one's disposal; have | type=de-object | notes=LEFFF example: il dispose de l'argent de son vieil oncle	Narrowed over-broad qqn/qqch complement to the attested natural slot.	high	false
mentir	118 (top-500)	verb_core_patterns.json	pattern=mentir à qqn / qqch | meaning=lie to someone | type=a-object | notes=Usage-backed: mentir + à + person	pattern=mentir à qqn | meaning=lie to someone | type=a-object | notes=Usage-backed: mentir + à + person	Narrowed over-broad qqn/qqch complement to the attested natural slot.	high	false
réussir	125 (top-500)	verb_core_patterns.json	pattern=réussir à qqn / qqch | meaning=suit; work well for | type=a-object | notes=LEFFF example: cette tâche lui réussit parfaitement	pattern=réussir à qqn | meaning=suit; work well for someone | type=a-object | notes=LEFFF example: cette tâche lui réussit parfaitement	Narrowed over-broad qqn/qqch complement to the attested natural slot.	high	false
présenter	140 (top-500)	verb_core_patterns.json	pattern=présenter à qqn / qqch | meaning=introduce to someone | type=a-object | notes=Usage-backed: présenter + à + person	pattern=présenter à qqn | meaning=introduce to someone | type=a-object | notes=Usage-backed: présenter + à + person	Narrowed over-broad qqn/qqch complement to the attested natural slot.	high	false
remettre	156 (top-500)	verb_core_patterns.json	pattern=remettre à qqn / qqch | meaning=give back to (sb) | type=a-object | notes=Usage-backed: remettre + à + person	pattern=remettre à qqn | meaning=give back to (sb) | type=a-object | notes=Usage-backed: remettre + à + person	Narrowed over-broad qqn/qqch complement to the attested natural slot.	high	false
ressembler	170 (top-500)	verb_core_patterns.json	pattern=ressembler à qqn / qqch | meaning=look like someone | type=a-object | notes=LEFFF example: ma filla aînée ressemble à sa mère à s'y méprendre	pattern=ressembler à qqn / qqch | meaning=look like someone | type=a-object | notes=LEFFF example: ma fille aînée ressemble à sa mère à s'y méprendre	Reworded LEFFF-backed pattern to match its example and avoid over-generalization.	high	false
souffrir	176 (top-500)	verb_core_patterns.json	pattern=souffrir de qqn / qqch | meaning=suffer from something | type=de-object | notes=LEFFF example: ma femme souffre d'arthrose	pattern=souffrir de + maladie/problème | meaning=suffer from something | type=de-object | notes=LEFFF example: ma femme souffre d'arthrose	Narrowed over-broad qqn/qqch complement to the attested natural slot.	high	false
sourire	181 (top-500)	verb_core_patterns.json	pattern=sourire à qqn / qqch | meaning=smile at someone | type=a-object | notes=Usage-backed: sourire + à + person	pattern=sourire à qqn | meaning=smile at someone | type=a-object | notes=Usage-backed: sourire + à + person	Narrowed over-broad qqn/qqch complement to the attested natural slot.	high	false
sauver	190 (top-500)	verb_core_patterns.json	pattern=sauver de qqn / qqch | meaning=save from | type=de-object | notes=LEFFF example: elle m'a sauvé de la noyade	pattern=sauver qqn de + danger | meaning=save someone from danger | type=combo-de | notes=LEFFF example: elle m'a sauvé de la noyade	Narrowed over-broad qqn/qqch complement to the attested natural slot.	high	false
endormir	203 (top-500)	verb_usages.json	pattern=endormir + direct object | meaning=send someone to sleep; make someone sleepy | fr=Cette histoire m'endort. | en=This story lulls me to sleep.	pattern=endormir + qqn | meaning=send someone to sleep; make someone sleepy | fr=Cette histoire m'endort. | en=This story lulls me to sleep.	Replaced mixed English placeholder with learner-facing French complement label.	high	false
fumer	222 (top-500)	verb_usages.json	pattern=thing fumer | meaning=something is smoking; giving off smoke | fr=La cheminée fume beaucoup. | en=The chimney is smoking a lot.	pattern=fumer | meaning=something is smoking; giving off smoke | fr=La cheminée fume beaucoup. | en=The chimney is smoking a lot.	Replaced mixed English placeholder with learner-facing French complement label.	high	false
accorder	223 (top-500)	verb_core_patterns.json	pattern=accorder à qqn / qqch | meaning=give to | type=a-object | notes=Usage-backed: accorder + à + person	pattern=accorder à qqn | meaning=give to | type=a-object | notes=Usage-backed: accorder + à + person	Narrowed over-broad qqn/qqch complement to the attested natural slot.	high	false
importer	233 (top-500)	verb_core_patterns.json	pattern=importer à qqn / qqch | meaning=matter to sb | type=a-object | notes=Usage-backed: importer + à + person	pattern=importer à qqn | meaning=matter to sb | type=a-object | notes=Usage-backed: importer + à + person	Narrowed over-broad qqn/qqch complement to the attested natural slot.	high	false
suffire	234 (top-500)	verb_core_patterns.json	pattern=suffire à qqn / qqch | meaning=be enough for | type=a-object | notes=LEFFF example: il ne parvient plus à suffire à ses besoins	pattern=suffire à + besoin/personne | meaning=be enough for | type=a-object | notes=LEFFF example: il ne parvient plus à suffire à ses besoins	Narrowed over-broad qqn/qqch complement to the attested natural slot.	high	false
prévenir	240 (top-500)	verb_core_patterns.json	pattern=prévenir de qqn / qqch | meaning=warn; inform about | type=de-object | notes=LEFFF example: il est prévenu d'avoir à terminer ce travail avant demain soir	pattern=prévenir qqn de qqch | meaning=warn; inform someone about something | type=combo-de | notes=LEFFF example: il est prévenu d'avoir à terminer ce travail avant demain soir	Narrowed over-broad qqn/qqch complement to the attested natural slot.	high	false
signifier	243 (top-500)	verb_core_patterns.json	pattern=signifier à qqn / qqch | meaning=notify | type=a-object | notes=Usage-backed: signifier + à + person	pattern=signifier à qqn | meaning=notify | type=a-object | notes=Usage-backed: signifier + à + person	Narrowed over-broad qqn/qqch complement to the attested natural slot.	high	false
téléphoner	249 (top-500)	verb_core_patterns.json	pattern=téléphoner à qqn / qqch | meaning=call someone | type=a-object | notes=Usage-backed: téléphoner + à + person	pattern=téléphoner à qqn | meaning=call someone | type=a-object | notes=Usage-backed: téléphoner + à + person	Narrowed over-broad qqn/qqch complement to the attested natural slot.	high	false
convenir	251 (top-500)	verb_core_patterns.json	pattern=convenir à qqn / qqch | meaning=suit someone | type=a-object | notes=Usage-backed: convenir + à + person	pattern=convenir à qqn | meaning=suit someone | type=a-object | notes=Usage-backed: convenir + à + person	Narrowed over-broad qqn/qqch complement to the attested natural slot.	high	false
convenir	251 (top-500)	verb_core_patterns.json	pattern=convenir de qqn / qqch | meaning=agree on; settle | type=combo-de | notes=LEFFF example: je conviens de ces abus	pattern=convenir de + arrangement/décision | meaning=agree on; settle | type=combo-de | notes=LEFFF example was broad/odd for learners (je conviens de ces abus); narrowed pending native review	Narrowed over-broad qqn/qqch complement to the attested natural slot.	medium	true
plaire	257 (top-500)	verb_core_patterns.json	pattern=plaire à qqn / qqch | meaning=be pleasing to | type=a-object | notes=Usage-backed: plaire + à + person	pattern=plaire à qqn | meaning=be pleasing to | type=a-object | notes=Usage-backed: plaire + à + person	Narrowed over-broad qqn/qqch complement to the attested natural slot.	high	false
commander	258 (top-500)	verb_core_patterns.json	pattern=commander à qqn / qqch | meaning=give an order to someone | type=a-object | notes=Usage-backed: commander + à + person	pattern=commander à qqn | meaning=give an order to someone | type=a-object | notes=Usage-backed: commander + à + person	Narrowed over-broad qqn/qqch complement to the attested natural slot.	high	false
commander	258 (top-500)	verb_core_patterns.json	pattern=commander qqch à qqn | meaning=order something from someone | type=combo-a | notes=LEFFF example: il lui commande de se lever	pattern=commander à qqn de + infinitif | meaning=order someone to do something | type=a-infinitive | notes=LEFFF example: il lui commande de se lever	Reworded LEFFF-backed pattern to match its example and avoid over-generalization.	high	false
appartenir	263 (top-500)	verb_core_patterns.json	pattern=appartenir à qqn / qqch | meaning=belong to someone | type=a-object | notes=LEFFF example: toute cette terre lui appartient	pattern=appartenir à qqn / groupe | meaning=belong to someone/a group | type=a-object | notes=LEFFF example: toute cette terre lui appartient	Narrowed over-broad qqn/qqch complement to the attested natural slot.	high	false
assister	286 (top-500)	verb_core_patterns.json	pattern=assister à qqn / qqch | meaning=attend (events) | type=a-object | notes=Usage-backed: assister + à + object	pattern=assister à + événement | meaning=attend (events) | type=a-object | notes=Usage-backed: assister + à + object; narrowed to events for learner-facing guidance	Narrowed over-broad qqn/qqch complement to the attested natural slot.	high	false
employer	287 (top-500)	verb_usages.json	pattern=employer + person/object (direct object) | meaning=to hire; to employ | fr=Elle emploie des étudiants pour l'été. | en=She hires students for the summer.	pattern=employer + qqn/qqch | meaning=to hire; to employ | fr=Elle emploie des étudiants pour l'été. | en=She hires students for the summer.	Replaced mixed English placeholder with learner-facing French complement label.	high	false
consacrer	306 (top-500)	verb_usages.json	pattern=consacrer + object + à + person/thing | meaning=devote something (time, energy, etc.) to someone/something | fr=Elle consacre beaucoup de temps à ses enfants. | en=She devotes a lot of time to her children.	pattern=consacrer + qqch + à + personne/projet | meaning=devote something (time, energy, etc.) to someone/something | fr=Elle consacre beaucoup de temps à ses enfants. | en=She devotes a lot of time to her children.	Replaced mixed English placeholder with learner-facing French complement label.	high	false
consacrer	306 (top-500)	verb_usages.json	pattern=se consacrer à + person/thing | meaning=dedicate/devote oneself to someone/something | fr=Il se consacre entièrement à sa carrière. | en=He dedicates himself entirely to his career.	pattern=se consacrer à + personne/projet | meaning=dedicate/devote oneself to someone/something | fr=Il se consacre entièrement à sa carrière. | en=He dedicates himself entirely to his career.	Replaced mixed English placeholder with learner-facing French complement label.	high	false
contenter	313 (top-500)	verb_usages.json	pattern=se contenter de + noun/thing | meaning=settle for | fr=Ils se contentent de peu. | en=They settle for little.	pattern=se contenter de + qqch | meaning=settle for | fr=Ils se contentent de peu. | en=They settle for little.	Replaced mixed English placeholder with learner-facing French complement label.	high	false
fier	356 (top-500)	verb_usages.json	pattern=se fier à + person/thing | meaning=to trust, to rely on | fr=Je me fie à ton jugement. | en=I trust your judgment.	pattern=se fier à + qqn/qqch | meaning=to trust, to rely on | fr=Je me fie à ton jugement. | en=I trust your judgment.	Replaced mixed English placeholder with learner-facing French complement label.	high	false
confondre	359 (top-500)	verb_usages.json	pattern=confondre + person/thing + avec + person/thing | meaning=to mistake for | fr=Je confonds souvent Paul avec son frère. | en=I often mistake Paul for his brother.	pattern=confondre + qqn/qqch + avec + qqn/qqch | meaning=to mistake for | fr=Je confonds souvent Paul avec son frère. | en=I often mistake Paul for his brother.	Replaced mixed English placeholder with learner-facing French complement label.	high	false
adresser	389 (top-500)	verb_core_patterns.json	pattern=adresser à qqn / qqch | meaning=direct to | type=a-object | notes=Usage-backed: adresser + à + person	pattern=adresser à qqn | meaning=direct to | type=a-object | notes=Usage-backed: adresser + à + person	Narrowed over-broad qqn/qqch complement to the attested natural slot.	high	false
fournir	405 (top-500)	verb_core_patterns.json	pattern=fournir à qqn / qqch | meaning=supply to someone | type=a-object | notes=Usage-backed: fournir + à + person	pattern=fournir qqch à qqn / organisation | meaning=supply something to someone/an organization | type=combo-a | notes=Usage-backed: fournir + à + person	Narrowed over-broad qqn/qqch complement to the attested natural slot.	high	false
doter	413 (top-500)	verb_usages.json	pattern=doter + person/thing + de + thing | meaning=to equip, endow | fr=La ville dote l'école de nouveaux ordinateurs. | en=The city is equipping the school with new computers.	pattern=doter + qqn/qqch + de + qqch | meaning=to equip, endow | fr=La ville dote l'école de nouveaux ordinateurs. | en=The city is equipping the school with new computers.	Replaced mixed English placeholder with learner-facing French complement label.	high	false
participer	447 (top-500)	verb_core_patterns.json	pattern=participer à qqn / qqch | meaning=take part in | type=a-object | notes=LEFFF example: elle a participé à toutes les expéditions de son club spéléo	pattern=participer à + activité/événement | meaning=take part in | type=a-object | notes=LEFFF example: elle a participé à toutes les expéditions de son club spéléo	Narrowed over-broad qqn/qqch complement to the attested natural slot.	high	false
réserver	449 (top-500)	verb_core_patterns.json	pattern=réserver à qqn / qqch | meaning=save for someone | type=a-object | notes=Usage-backed: réserver + à + person	pattern=réserver à qqn | meaning=save for someone | type=a-object | notes=Usage-backed: réserver + à + person	Narrowed over-broad qqn/qqch complement to the attested natural slot.	high	false
envier	458 (top-500)	verb_usages.json	pattern=envier + person + for + thing | meaning=to envy | fr=J'envie mon frère pour ses longues vacances. | en=I envy my brother for his long vacation.	pattern=envier + qqn + pour + qqch | meaning=to envy | fr=J'envie mon frère pour ses longues vacances. | en=I envy my brother for his long vacation.	Replaced mixed English placeholder with learner-facing French complement label.	high	false
comparer	468 (top-500)	verb_core_patterns.json	pattern=comparer à qqn / qqch | meaning=liken to someone | type=a-object | notes=Usage-backed: comparer + à + person	pattern=comparer qqn / qqch à qqn / qqch | meaning=compare someone/something to someone/something | type=combo-a | notes=Usage-backed: comparer + à + person	Conservative learner-facing pattern cleanup.	high	false
coûter	499 (top-1000)	verb_core_patterns.json	pattern=coûter à qqn / qqch | meaning=be expensive for | type=a-object | notes=LEFFF example: cette voiture lui a coûté les trois quarts de ses économies	pattern=coûter à qqn | meaning=be expensive for | type=a-object | notes=LEFFF example: cette voiture lui a coûté les trois quarts de ses économies	Narrowed over-broad qqn/qqch complement to the attested natural slot.	high	false
témoigner	505 (top-1000)	verb_usages.json	pattern=témoigner de + thing | meaning=to show evidence of | fr=Ce message témoigne de son inquiétude. | en=This message shows his चिंता.	pattern=témoigner de + sentiment/fait | meaning=to show evidence of | fr=Ce message témoigne de son inquiétude. | en=This message shows his concern.	Fixed English gloss/example mismatch.	high	false
prouver	522 (top-1000)	verb_usages.json	pattern=prouver + object clause | meaning=to prove | fr=Cette photo prouve qu'il était là. | en=This photo proves that he was there.	pattern=prouver + proposition/que-clause | meaning=to prove | fr=Cette photo prouve qu'il était là. | en=This photo proves that he was there.	Replaced mixed English placeholder with learner-facing French complement label.	high	false
réagir	561 (top-1000)	verb_core_patterns.json	pattern=réagir à qqn / qqch | meaning=respond to something | type=a-object | notes=Usage-backed: réagir + à + object	pattern=réagir à qqch | meaning=respond to something | type=a-object | notes=Usage-backed: réagir + à + object	Narrowed over-broad qqn/qqch complement to the attested natural slot.	high	false
appliquer	567 (top-1000)	verb_usages.json	pattern=s'appliquer à + person/thing | meaning=apply to; be applicable to | fr=Cette règle s'applique à tous les élèves. | en=This rule applies to all students.	pattern=s'appliquer à + règle/personne | meaning=apply to; be applicable to | fr=Cette règle s'applique à tous les élèves. | en=This rule applies to all students.	Replaced mixed English placeholder with learner-facing French complement label.	high	false
décrocher	594 (top-1000)	verb_usages.json	pattern=décrocher + object (telephone/receiver) | meaning=pick up the phone; answer the phone | fr=Il a décroché le téléphone. | en=He took down the phone.	pattern=décrocher + object (telephone/receiver) | meaning=pick up the phone; answer the phone | fr=Il a décroché le téléphone. | en=He picked up the phone.	Fixed English gloss/example mismatch.	high	false
renoncer	608 (top-1000)	verb_core_patterns.json	pattern=renoncer à qqn / qqch | meaning=give up; renounce | type=a-object | notes=LEFFF example: il a renoncé à cette promotion peu intéressante	pattern=renoncer à qqch | meaning=give up; renounce | type=a-object | notes=LEFFF example: il a renoncé à cette promotion peu intéressante	Narrowed over-broad qqn/qqch complement to the attested natural slot.	high	false
défier	727 (top-1000)	verb_usages.json	pattern=se défier de + object/person | meaning=distrust; be wary of | fr=Il se défie de ses collègues. | en=He distrusts his colleagues.	pattern=se défier de + qqn/qqch | meaning=distrust; be wary of | fr=Il se défie de ses collègues. | en=He distrusts his colleagues.	Replaced mixed English placeholder with learner-facing French complement label.	high	false
communiquer	761 (top-1000)	verb_core_patterns.json	pattern=communiquer à qqn / qqch | meaning=inform someone | type=a-object | notes=Usage-backed: communiquer + à + person	pattern=communiquer à qqn | meaning=inform someone | type=a-object | notes=Usage-backed: communiquer + à + person	Narrowed over-broad qqn/qqch complement to the attested natural slot.	high	false
reparler	780 (top-1000)	verb_core_patterns.json	pattern=reparler à qqn / qqch | meaning=talk again to | type=a-object | notes=Usage-backed: reparler + à + person	pattern=reparler à qqn | meaning=talk again to | type=a-object | notes=Usage-backed: reparler + à + person	Narrowed over-broad qqn/qqch complement to the attested natural slot.	high	false
reparler	780 (top-1000)	verb_core_patterns.json	pattern=reparler de qqn / qqch | meaning=talk again about | type=de-object | notes=LEFFF example: ils se reparlent depuis peu de temps	pattern=reparler de qqn / qqch | meaning=talk again about | type=de-object | notes=Pattern is semantically valid, but original LEFFF note was pronominal/intransitive (ils se reparlent depuis peu); native review recommended	Narrowed odd LEFFF-backed generalization and flagged for native review.	medium	true
torturer	788 (top-1000)	verb_usages.json	pattern=torturer + direct object (qqn) | meaning=torment; cause distress to | fr=Cette musique me torture à chaque écoute. | en=This music tortures me every time I hear it.	pattern=torturer + qqn | meaning=torment; cause distress to | fr=Cette musique me torture à chaque écoute. | en=This music tortures me every time I hear it.	Replaced mixed English placeholder with learner-facing French complement label.	high	false
enterrer	813 (top-1000)	verb_usages.json	pattern=enterrer + direct object (person/competitor) | meaning=to leave someone far behind; to outshine/crush someone | fr=Elle a enterré tous ses concurrents au concours. | en=She outshone all her competitors in the contest.	pattern=enterrer + concurrent/adversaire | meaning=to leave someone far behind; to outshine/crush someone | fr=Elle a enterré tous ses concurrents au concours. | en=She outshone all her competitors in the contest.	Replaced mixed English placeholder with learner-facing French complement label.	high	false
procéder	826 (top-1000)	verb_core_patterns.json	pattern=procéder à qqn / qqch | meaning=to proceed with | type=a-object | notes=LEFFF example: le bourreau procède à l'exécution del'arrêt de mort	pattern=procéder à + action/opération | meaning=carry out; proceed with | type=a-object | notes=LEFFF example: le bourreau procède à l'exécution de l'arrêt de mort	Narrowed over-broad qqn/qqch complement to the attested natural slot.	high	false
déborder	852 (top-1000)	verb_core_patterns.json	pattern=déborder de qqn / qqch | meaning=be overflowing with | type=de-object | notes=LEFFF example: le seau déborde de lait	pattern=déborder de + contenu/émotion | meaning=be overflowing with | type=de-object | notes=LEFFF example: le seau déborde de lait	Narrowed over-broad qqn/qqch complement to the attested natural slot.	high	false
classer	903 (top-1000)	verb_usages.json	pattern=classer + direct object (+ selon/par) | meaning=rank; classify | fr=Elle a classé les élèves selon leurs résultats. | en=She ranked the students by their results.	pattern=classer + qqn/qqch (+ selon/par) | meaning=rank; classify | fr=Elle a classé les élèves selon leurs résultats. | en=She ranked the students by their results.	Replaced mixed English placeholder with learner-facing French complement label.	high	false
priver	931 (top-1000)	verb_core_patterns.json	pattern=priver de qqn / qqch | meaning=deprive of | type=de-object | notes=LEFFF example: par jugement du tribunal il a été privé de tous ses droits civils	pattern=priver qqn de qqch | meaning=deprive someone of something | type=combo-de | notes=LEFFF example: par jugement du tribunal il a été privé de tous ses droits civils	Narrowed over-broad qqn/qqch complement to the attested natural slot.	high	false
assassiner	971 (top-2000)	verb_usages.json	pattern=assassiner + direct object | meaning=murder someone; assassinate someone | fr=Il a assassiné le roi. | en=He killed the king.	pattern=assassiner + qqn | meaning=murder someone; assassinate someone | fr=Il a assassiné le roi. | en=He killed the king.	Replaced mixed English placeholder with learner-facing French complement label.	high	false
balancer	973 (top-2000)	verb_usages.json	pattern=balancer + person + à + authority/person | meaning=to snitch on; to rat out | fr=Elle a balancé son frère à la police. | en=She informed on her brother to the police.	pattern=balancer + qqn + à + autorité/personne | meaning=to snitch on; to rat out | fr=Elle a balancé son frère à la police. | en=She informed on her brother to the police.	Replaced mixed English placeholder with learner-facing French complement label.	high	false
correspondre	985 (top-2000)	verb_core_patterns.json	pattern=correspondre à qqn / qqch | meaning=correspond to; match | type=a-object | notes=LEFFF example: le numéro ne correspond pas à celui dans mon carnet	pattern=correspondre à + norme/modèle | meaning=correspond to; match | type=a-object | notes=LEFFF example: le numéro ne correspond pas à celui dans mon carnet	Narrowed over-broad qqn/qqch complement to the attested natural slot.	high	false
