verbe	COD	à	de	COD+à
abandonner	Il abandonne son projet			
abattre	Le vent abat l'arbre			
abrutir	Ce film abrutit les spectateurs			
accéder		J'accède à ce fichier		
accélérer				
accepter	J'accepte ce cadeau			
accompagner	J'accompagne ma sœur			
accomplir	Elle accomplit sa mission			
accorder	Il accorde une faveur			Elle accorde une faveur à son ami
accrocher	Il accroche le tableau			
accueillir				
accuser				
acheter	J'achète une voiture			J'achète un vélo à mon voisin
achever	Il achève le projet			
acquérir	Elle acquiert une nouvelle voiture			
activer	J'active l'alarme			
adapter				
admettre	J'admets mon erreur			
adopter	Ils adoptent un chien			
adorer	J'adore le chocolat			
adresser	Il adresse une lettre			Elle adresse une remarque au directeur
affamer	La guerre affame la population			
affirmer	J'affirme mon innocence			
affronter	Il affronte ses peurs			
agir				
agresser	Il agresse un passant			
aider				
aimer	J'aime le chocolat noir			
ajouter	J'ajoute du sel			
aller				
allonger				
allumer	J'allume la lumière			
améliorer				
amener	J'amène mon frère			
amuser	Ce film amuse les enfants			
analyser				
annoncer	J'annonce les résultats			
annuler	J'annule la réunion			
apparaître				
appartenir		Ce livre appartient à Marie		
appeler	J'appelle Marie			
appliquer	Il applique la crème			
apporter	J'apporte un livre			
apprécier	J'apprécie ton aide			
apprendre	J'apprends le français			J'apprends la grammaire à mon frère
approcher	Il approche la chaise			
approprier				
approuver	J'approuve le plan			
appuyer	J'appuie la décision			
armer	Il arme le soldat			
arracher				
arranger				
arrêter	La police arrête le voleur			
arriver				
assassiner	Le groupe assassine le ministre			
asseoir				
assister				
associer				
assurer	Ils assurent la qualité du produit			
attacher	Il attache la corde			
attaquer	Le voleur attaque un passant			
atteindre	Elle atteint le sommet			
attendre	J'attends le train			
atterrir				
attirer	La lumière attire les insectes			
attraper	J'attrape un poisson			
augmenter	J'augmente le budget			
autopsier				
autoriser	Le directeur autorise l'accès			
avancer	Il avance sa chaise			
avertir	J'avertis le voisin			
avoir	J'ai un frère			
avouer	J'avoue mon erreur			
baiser				
baisser	Je baisse le volume			
balancer	Je balance le ballon			
baser				
battre	Je bats mon voisin			
blesser	Il blesse son ami			
bloquer	Je bloque la porte			
boire				
bosser				
botter	Je botte le ballon			
boucher				
boucler	Je boucle le dossier			
bouger	Je bouge la table			
bouleverser	La nouvelle bouleverse Marie			
briser	Je brise le verre			
brûler	Je brûle le papier			
buter				
cacher				
calmer	Elle calme le bébé			
capturer	La police capture le suspect			
carter				
casser	Je casse le verre			
causer	Ce retard cause un problème			
céder	Il cède sa place	Elle cède à son frère		
célébrer				
cesser				
changer	Je change la date du rendez-vous			
chanter	Elle chante une chanson douce			
charger	Je charge la voiture			
chasser	Je chasse le cerf			
chercher	Je cherche mes clés			
choisir	Je choisis ce film			
choper	Je chope le ballon			
choquer	Cette annonce choque tout le monde			
cingler	Le vent cingle le visage			
circuler				
citer	Je cite cet exemple			
classer				
cogner				
coincer	Je coince la porte			
coller	Je colle l'affiche			
combattre				
commander	Je commande une pizza	Le chef commande aux soldats		Je commande un café à la serveuse
commencer				
commettre				
communiquer				
comparer	Je compare deux idées			
comporter	Le livre comporte trois chapitres			
composer	Elle compose une chanson			
comprendre	Je comprends ta décision			
compromettre	Ils compromettent la sécurité			
compter				
concentrer				
concerner	Cette décision concerne les employés			
concevoir	Elle conçoit des vêtements uniques			
conclure	Je conclus le contrat			
condamner	Le juge condamne le criminel			
conduire	Je conduis une voiture			
confier				Je confie mes clés à Marie
confirmer	Je confirme la réservation			Je confirme la nouvelle à Marc
connaître	Tu connais Marie			
connecter				
consacrer				Elle consacre beaucoup de temps à ses enfants
conseiller				
considérer	Je considère cette idée			
construire	Ils construisent une maison			
consulter	Je consulte le médecin			
contacter	Je contacte le service client			
contenir	La boîte contient des chocolats			
contenter	Elle contente ses parents			
continuer				
contrarier				
contrôler	Je contrôle le moteur			
convaincre	Je convaincs mon frère			
convenir		Ce travail convient à Marie		
correspondre		Ça correspond à notre idée		
coter				
coucher				
couler	Il coule le navire			
couper	Je coupe le pain			
courir				
coûter	Ce livre coûte 20 euros			
couvrir	Elle couvre le gâteau			
cracher	Je crache le noyau			
craindre	Elle craint les serpents			
créer	Je crée une entreprise			
crémer				
creuser	Il creuse un trou			
crever	Je crève le ballon			
crier				
croire	Je crois son histoire			
croiser	Je croise un voisin			
cuisiner				
danser	Il danse le tango			
débarrasser	Je débarrasse la table			
décider	Le jury décide le gagnant			
déclarer				
découvrir	Elle découvre un secret			
défendre	Je défends ma sœur			
déjeuner				
demander	Je demande un renseignement			Je demande un service à mon voisin
dépasser	Le coureur dépasse la limite			
dépendre			Tout dépend de la situation	
déplacer	Je déplace la table			
déposer				
déranger	Je dérange le voisin			
descendre	Je descends les valises		Il descend du train	
désoler				
détendre				
détruire	Je détruis le mur			
devenir				
deviner				
devoir	Je dois cinquante euros			Je dois cent euros à mon frère
dîner				
dire	Je dis la vérité			Je dis la vérité à mon frère
diriger	Elle dirige une grande entreprise			
discuter				
disparaître				
donner	Je donne un livre			Il donne un jouet à sa nièce
douer				
durer				
échapper		Ça échappe à Paul		
échouer		Il échoue à l'examen de maths		
éclater				
écouter	J'écoute cette chanson			
écraser	Il écrase la canette			
écrire	J'écris une lettre			
effrayer				
élever	Elle élève ses enfants			
éliminer				
éloigner				
embrasser	Elle embrasse son fils			
emmener				
empêcher	Elle empêche la fuite			
enculer				
énerver	Tu énerves mon frère			
enfermer	Elle enferme le chien			
engager	J'engage un nouvel employé			
enlever	J'enlève la tache			
enregistrer	J'enregistre la chanson			
enseigner	Elle enseigne les mathématiques			Elle enseigne la grammaire à ses élèves
entendre	J'entends un bruit étrange			
enterrer				
entraîner				
entrer	J'entre ton code PIN			
envoyer				J'envoie le dossier à mon collègue
épouser	Il épouse une avocate			
espérer	J'espère un cadeau			
essayer	J'essaie cette veste			
établir				
être		La voiture est à Paul		
étudier	Elle étudie la biologie			
éviter	Il évite les embouteillages			
examiner	Le médecin examine le patient			
excuser				
exister				
expliquer	Le professeur explique la leçon			
exploser				
exprimer	J'exprime mon avis			
fâcher	Ce bruit fâche ma sœur			
faire	Je fais un gâteau			
falloir				
fermer	Je ferme la porte			
fiancer	Le père fiance sa fille			
filer	Elle file la laine			
finir	Elle finit le projet			
fonctionner				
forcer	Il force la porte			
fouiller				
fournir	Ils fournissent les documents			
foutre				
frapper	Il frappe le ballon			
fumer	Il fume une cigarette			
gagner	Elle gagne le match			
garder	Je garde ta clé			
gêner	Le bruit gêne Marie			
gérer	Je gère cette équipe			
grandir				
habiller	J'habille mon fils			
habiter	J'habite une maison en Bretagne			
habituer				
hâter	Elle hâte le processus			
identifier				
ignorer	J'ignore la réponse			
imaginer	J'imagine un monde sans guerre			
impliquer	Ce projet implique beaucoup de travail			
importer		Ce détail importe aux investisseurs		
impressionner	Ce discours impressionne les invités			
informer	J'informe les voisins			
inquiéter	Cette lettre inquiète Paul			
insister				
installer	J'installe la tente			
interdire	J'interdis ce jeu			
intéresser				
interroger				
inventer	Marie invente une nouvelle recette			
inviter				
jeter	Je jette la balle			
jouer				
juger	Elle juge le projet intéressant			
jurer				
lâcher	Je lâche la corde			
laisser				Je laisse mon sac à mon frère
lancer	Il lance le ballon			Elle lance le frisbee à son ami
lever	Je lève la boîte			
libérer	Elle libère les oiseaux			
lier	Elle lie les deux cordes			
lire	Je lis un livre			
louer	Je loue un appartement			
manger	Je mange une pomme			
manquer	Je manque le train	Tu manques à Paul		
marcher				
marier				
marquer	Je marque la page			
maudire	Je maudis cette injustice			
menacer	Elle menace son voisin			
mener	Elle mène une équipe			
mentir		Il ment à ses parents		
mettre				
monter	Je monte une tente			
montrer	Je montre la photo			Je montre le message à ma sœur
mourir				
naître				
nettoyer	Je nettoie la cuisine			
nommer	Je nomme ce bébé Luc			
nourrir	Je nourris le chat			
obliger				
observer	J'observe les oiseaux			
obtenir	Elle obtient le poste			
occuper	Cette armoire occupe tout le mur			
offrir	J'offre un cadeau			J'offre un café à mon ami
opérer	Le chirurgien opère le patient			
ordonner	Le chef ordonne ses équipes			
organiser	J'organise une réunion			
oublier				
ouvrir	J'ouvre la fenêtre			
paraître				
pardonner				Je pardonne cette erreur à mon frère
parer				
parfaire				
parler		Je parle à Paul		
partager	Je partage mon dessert			
participer		Elle participe à la réunion		
partir			Le train part de Lyon	
passer	Je passe le café			Je passe le sel à mon frère
payer				Je paie la facture à mon plombier
peindre	Elle peint un tableau			
penser		Je pense à ce projet		
perdre	Je perds mes clés			
permettre	Le règlement permet cette exception			
piéger				
placer				
plaire		Ce film plaît à Marie		
planter	Elle plante des fleurs			
pleurer				
porter	Elle porte une robe rouge			
poser	Il pose le livre			
posséder	Elle possède une belle maison			
pourrir				
poursuivre	Elle poursuit ses études			
pousser	Je pousse la porte			
pouvoir				
préférer	Je préfère le thé			
prendre	Je prends le train			Elle prend le ballon à son frère
préparer	Je prépare le dîner			
présenter	Je présente le projet			
presser	Je presse une orange			
prétendre				
prévenir	Je préviens le voisin			
prévoir				
priver				
profiter			Elle profite de son expérience	
proposer	Elle propose une idée intéressante			Je propose un café à mon voisin
protéger	Je protège mes enfants			
prouver				
provoquer	Le discours provoque une forte réaction			
quitter	Je quitte la salle			
raconter	Il raconte une histoire drôle			Je raconte une histoire à mon frère
ramener	Je ramène le chat			
ranger	Je range mes livres			
rappeler	Je rappelle le client			Je rappelle la règle à Paul
rapporter	Je rapporte le livre			Je rapporte la nouvelle à ma sœur
rassembler	Je rassemble mes notes			
rater	Je rate le train			
réaliser	Elle réalise son projet			
recevoir	Elle reçoit une lettre			
rechercher	Je recherche un emploi intéressant			
recommencer	Je recommence le projet			
reconnaître	Je reconnais ce visage			Je reconnais un vrai talent à cette actrice
reculer				
récupérer	Je récupère mon livre			
réfléchir		Je réfléchis à ce problème		
refuser	Elle refuse l'invitation			
regarder	Je regarde le film			
régler	Je règle le volume			
regretter	Je regrette mon erreur			
rejeter	Je rejette cette idée			
rejoindre	Je rejoins le groupe			
relever	Elle relève la chaise tombée			
remarquer	Je remarque une erreur			
remercier	Je remercie mes parents			
remettre	Je remets ce livre			
remonter	Je remonte la montre			
remplacer	Je remplace la batterie			
remplir	Je remplis la bouteille			
rencontrer	Je rencontre Marie			
rendre	Je rends le parapluie	Je rends visite à mes parents demain		Il rend le stylo à Lucie
rentrer				
renvoyer	Je renvoie le formulaire			
réparer	Je répare la voiture			
repartir			Elle repart de zéro	
repérer				
répéter	Elle répète la phrase			Je répète la consigne à Paul
répondre		Je réponds à Marie	Je réponds de mon frère	
reposer				
reprendre	Je reprends le dossier			
représenter	La colombe représente la paix			
réserver	Je réserve une chambre			Je réserve cette place à mon frère
résoudre				
respecter	Je respecte les règles			
respirer	Elle respire l'air frais			
ressembler		Elle ressemble à sa mère		
ressentir	Je ressens une grande joie			
restaurer				
rester				
retenir	Je retiens son nom			
retirer	Elle retire son manteau			
retourner	Je retourne la feuille			Je retourne le livre à Paul
retrouver	Je retrouve ce livre			
réussir	Elle réussit son examen			
réveiller	Je réveille mon frère			
révéler	Elle révèle le secret			
revenir				
revoir				
risquer	Il risque son poste			
rouler	Je roule la pâte			
ruiner	La pluie ruine notre pique-nique			
s'aimer				
s'amuser				
s'appeler				
s'asseoir				
s'ennuyer				
s'habiller				
s'intéresser		Il s'intéresse à la politique		
s'occuper			Je m'occupe de mon frère	
sacrer				
saisir	Il saisit le livre			
sauter	Il saute la barrière			
sauver	Le pompier sauve le chien			
savoir	Il sait la réponse			
se battre				
se connaître				
se coucher				
se demander	Ils se demandent plein de trucs			
se dépêcher				
se fâcher				
se faire		Elle se fait à son nouveau patron		
se laver				
se lever				
se marier				
se mettre	Il se met un pull chaud	Elle se met à ce travail		
se moquer			Ils se moquent de son accent	
se parler				
se passer				
se plaindre		Elle se plaint au directeur	Il se plaint du bruit	
se promener				
se rappeler				
se rendre			Elle se rend compte de son erreur	
se reposer			Elle se repose de cette longue marche	
se retrouver				
se réveiller				
se sentir				
se souvenir			Je me souviens de ce voyage	
se taire				
se tromper			Il se trompe de dossier	
se trouver				
se voir				
sembler				
sentir	Je sens les fleurs			
séparer				
servir	Elle sert le thé		Cette boîte sert de siège	
signer	Elle signe le contrat			
signifier	Cette phrase signifie un refus			
soigner	Elle soigne ses plantes			
sonner	Il sonne la cloche			
sortir	Je sors la poubelle			
souffrir			Elle souffre de migraines fréquentes	
souhaiter				Je souhaite une bonne année à mon voisin
sourire		Elle sourit à son ami		
soutenir	Elle soutient cette initiative			
souvenir				
subir				
suffire		Cette somme suffit à Marie		
suivre				
supporter	Je supporte ce bruit			
supposer	Je suppose cette explication			
surveiller	Je surveille les enfants			
survivre		Elle survit à son mari		
taire	Je tais mes doutes			
témoigner			Ça témoigne de son effort	
tenir	Je tiens un livre	Elle tient à son ami	Il tient de son père	
tenter	Je tente ce problème			
terminer	Je termine le rapport			
tirer	Je tire la corde			
tomber				
toucher	Il touche le mur			
tourner	Il tourne la clé			
traîner	Il traîne une valise			
traiter	Le médecin traite ce patient			
transformer	Je transforme ce texte			
travailler				
traverser	Elle traverse la rue			
tromper	Il trompe ses amis			
trouver	Je trouve cette idée intéressante			
tuer	Je tue le moustique			
utiliser	J'utilise un ordinateur			
valoir	Ce tableau vaut une fortune			
vendre	Elle vend sa voiture			Elle vend son vélo à son voisin
venir				
vérifier	Je vérifie mon compte			
violer				
virer	Il vire son assistant			
vivre	Elle vit une aventure incroyable		Il vit de sa pension	
voir	Je vois Paul			
voler	Il vole un tableau			Il vole le portefeuille à son voisin
vouloir	Je veux un café	Elle en veut à Paul		
voyager				
